{
  "stop": {
    "precision": 1.0,
    "recall": 0.3333333333333333,
    "f1-score": 0.5,
    "support": 6,
    "confused_with": {
      "thanks": 1,
      "greet": 1
    }
  },
  "greet": {
    "precision": 0.6923076923076923,
    "recall": 0.6923076923076923,
    "f1-score": 0.6923076923076923,
    "support": 13,
    "confused_with": {
      "goodbye": 2,
      "deny": 2
    }
  },
  "goodbye": {
    "precision": 0.5714285714285714,
    "recall": 0.7272727272727273,
    "f1-score": 0.64,
    "support": 11,
    "confused_with": {
      "pay_cc": 1,
      "greet": 1
    }
  },
  "thanks": {
    "precision": 0.8,
    "recall": 0.8,
    "f1-score": 0.8000000000000002,
    "support": 5,
    "confused_with": {
      "pay_cc": 1
    }
  },
  "train_topics": {
    "precision": 1.0,
    "recall": 1.0,
    "f1-score": 1.0,
    "support": 8,
    "confused_with": {}
  },
  "check_balance": {
    "precision": 0.9230769230769231,
    "recall": 1.0,
    "f1-score": 0.9600000000000001,
    "support": 12,
    "confused_with": {}
  },
  "affirm": {
    "precision": 0.5,
    "recall": 0.16666666666666666,
    "f1-score": 0.25,
    "support": 6,
    "confused_with": {
      "goodbye": 4,
      "greet": 1
    }
  },
  "pay_cc": {
    "precision": 0.7058823529411765,
    "recall": 1.0,
    "f1-score": 0.8275862068965517,
    "support": 12,
    "confused_with": {}
  },
  "inform": {
    "precision": 1.0,
    "recall": 0.5714285714285714,
    "f1-score": 0.7272727272727273,
    "support": 7,
    "confused_with": {
      "pay_cc": 3
    }
  },
  "deny": {
    "precision": 0.6666666666666666,
    "recall": 0.8571428571428571,
    "f1-score": 0.75,
    "support": 7,
    "confused_with": {
      "greet": 1
    }
  },
  "accuracy": 0.7586206896551724,
  "macro avg": {
    "precision": 0.785936220642103,
    "recall": 0.7148151848151848,
    "f1-score": 0.7147166626476971,
    "support": 87
  },
  "weighted avg": {
    "precision": 0.7758608306275648,
    "recall": 0.7586206896551724,
    "f1-score": 0.739447627283537,
    "support": 87
  }
}